{
  "macro_f1": 0.42872807017543857,
  "accuracy": 0.7504798464491362,
  "confusion_matrix": [
    [
      391,
      0
    ],
    [
      130,
      0
    ]
  ]
}