{
  "macro_f1": 0.527997293049249,
  "accuracy": 0.6813819577735125,
  "confusion_matrix": [
    [
      326,
      65
    ],
    [
      101,
      29
    ]
  ]
}