{
  "accuracy": 0.7562380038387716,
  "macro_f1": 0.6025170456252065,
  "per_class": {
    "0": {
      "precision": 0.7907488986784141,
      "recall": 0.9181585677749361,
      "f1": 0.8497041420118343,
      "support": 391.0
    },
    "1": {
      "precision": 0.5223880597014925,
      "recall": 0.2692307692307692,
      "f1": 0.3553299492385787,
      "support": 130.0
    }
  }
}