{
  "accuracy": 0.7408829174664108,
  "macro_f1": 0.5774787492866368,
  "per_class": {
    "0": {
      "precision": 0.7819383259911894,
      "recall": 0.907928388746803,
      "f1": 0.8402366863905325,
      "support": 391.0
    },
    "1": {
      "precision": 0.4626865671641791,
      "recall": 0.23846153846153847,
      "f1": 0.3147208121827411,
      "support": 130.0
    }
  }
}