{
  "macro_f1": 0.6485007496251874,
  "accuracy": 0.7581573896353166,
  "confusion_matrix": [
    [
      343,
      48
    ],
    [
      78,
      52
    ]
  ]
}