{
  "macro_f1": 0.6194992470069155,
  "accuracy": 0.7216890595009597,
  "confusion_matrix": [
    [
      323,
      68
    ],
    [
      77,
      53
    ]
  ]
}