{
  "accuracy": 0.6986564299424184,
  "macro_f1": 0.5686835930290807,
  "per_class": {
    "0": {
      "precision": 0.78125,
      "recall": 0.8312020460358056,
      "f1": 0.80545229244114,
      "support": 391.0
    },
    "1": {
      "precision": 0.37142857142857144,
      "recall": 0.3,
      "f1": 0.33191489361702126,
      "support": 130.0
    }
  }
}