{
  "macro_f1": 0.6434714221514074,
  "accuracy": 0.7428023032629558,
  "confusion_matrix": [
    [
      331,
      60
    ],
    [
      74,
      56
    ]
  ]
}