{
  "accuracy": 0.761996161228407,
  "macro_f1": 0.5872476360848453,
  "per_class": {
    "0": {
      "precision": 0.7846481876332623,
      "recall": 0.9411764705882353,
      "f1": 0.8558139534883721,
      "support": 391.0
    },
    "1": {
      "precision": 0.5576923076923077,
      "recall": 0.2230769230769231,
      "f1": 0.31868131868131866,
      "support": 130.0
    }
  }
}