{
  "accuracy": 0.746641074856046,
  "macro_f1": 0.6006642820643843,
  "per_class": {
    "0": {
      "precision": 0.7910112359550562,
      "recall": 0.9002557544757033,
      "f1": 0.8421052631578947,
      "support": 391.0
    },
    "1": {
      "precision": 0.4868421052631579,
      "recall": 0.2846153846153846,
      "f1": 0.3592233009708738,
      "support": 130.0
    }
  }
}