{
  "accuracy": 0.7523992322456814,
  "macro_f1": 0.5687335168537163,
  "per_class": {
    "0": {
      "precision": 0.7787234042553192,
      "recall": 0.9360613810741688,
      "f1": 0.8501742160278746,
      "support": 391.0
    },
    "1": {
      "precision": 0.5098039215686274,
      "recall": 0.2,
      "f1": 0.287292817679558,
      "support": 130.0
    }
  }
}