{
  "accuracy": 0.6967370441458733,
  "macro_f1": 0.5672393489506666,
  "per_class": {
    "0": {
      "precision": 0.7807228915662651,
      "recall": 0.8286445012787724,
      "f1": 0.8039702233250621,
      "support": 391.0
    },
    "1": {
      "precision": 0.36792452830188677,
      "recall": 0.3,
      "f1": 0.3305084745762712,
      "support": 130.0
    }
  }
}